sample	chromosome	phase_set	from	to	variant_count
LRWGSP02-30x	chrX	13496	10001	39092	96
LRWGSP02-30x	chrX	96613	94822	97619	10
LRWGSP02-30x	chrX	103242	99082	99082	2
LRWGSP02-30x	chrX	226649	222433	222433	2
LRWGSP02-30x	chrX	242847	242727	1946637	5056
LRWGSP02-30x	chrX	2133021	2132995	3069235	2108
LRWGSP02-30x	chrX	3075488	3071725	3102601	26
LRWGSP02-30x	chrX	3109878	3104773	3262576	156
LRWGSP02-30x	chrX	3297221	3276941	3422019	134
LRWGSP02-30x	chrX	3435468	3424745	3758060	372
LRWGSP02-30x	chrX	3761611	3759457	3838173	80
LRWGSP02-30x	chrX	3881825	3880816	3880816	2
LRWGSP02-30x	chrX	3903573	3899216	3903281	8
LRWGSP02-30x	chrX	3926949	3923375	3987006	72
LRWGSP02-30x	chrX	3995080	3988948	4420499	474
LRWGSP02-30x	chrX	4436277	4428893	4840355	486
LRWGSP02-30x	chrX	4857564	4843955	5032832	194
LRWGSP02-30x	chrX	5047956	5047708	5065608	32
LRWGSP02-30x	chrX	5089255	5078903	5183061	136
LRWGSP02-30x	chrX	5193538	5183551	5203562	22
LRWGSP02-30x	chrX	5218894	5205510	5467020	280
LRWGSP02-30x	chrX	5476375	5467796	5490357	18
LRWGSP02-30x	chrX	5516365	5501016	5560661	48
LRWGSP02-30x	chrX	5573999	5564188	6031800	550
LRWGSP02-30x	chrX	6056475	6041887	6128715	82
LRWGSP02-30x	chrX	6142580	6131128	6518299	516
LRWGSP02-30x	chrX	6532732	6518457	6621471	82
LRWGSP02-30x	chrX	6632941	6624131	6740844	144
LRWGSP02-30x	chrX	6775502	6759928	7025822	316
LRWGSP02-30x	chrX	7041867	7026446	7066219	24
LRWGSP02-30x	chrX	7083903	7075094	7134550	58
LRWGSP02-30x	chrX	7153016	7150375	7154865	12
LRWGSP02-30x	chrX	7174894	7161051	7219662	64
LRWGSP02-30x	chrX	7240529	7229216	7280755	62
LRWGSP02-30x	chrX	7297257	7281724	7304050	14
LRWGSP02-30x	chrX	7327388	7319751	7343439	30
LRWGSP02-30x	chrX	7363628	7349731	7488648	162
LRWGSP02-30x	chrX	7519529	7505821	7626664	136
LRWGSP02-30x	chrX	7643377	7630708	7776073	162
LRWGSP02-30x	chrX	7799481	7789076	8037565	298
LRWGSP02-30x	chrX	8045831	8038134	8180076	162
LRWGSP02-30x	chrX	8200997	8186459	8726857	600
LRWGSP02-30x	chrX	8734854	8732029	8753855	20
LRWGSP02-30x	chrX	8770875	8766950	8986087	224
LRWGSP02-30x	chrX	9007936	8989209	9125072	128
LRWGSP02-30x	chrX	9134108	9127987	9428874	362
LRWGSP02-30x	chrX	9442123	9438447	9516550	108
LRWGSP02-30x	chrX	9529780	9520777	9612923	134
LRWGSP02-30x	chrX	9632292	9619248	9979458	358
LRWGSP02-30x	chrX	9988128	9982736	10191591	240
LRWGSP02-30x	chrX	10205472	10200551	10304474	102
LRWGSP02-30x	chrX	10333566	10318754	10459435	144
LRWGSP02-30x	chrX	10481614	10461421	10806414	366
LRWGSP02-30x	chrX	10819141	10808747	10997833	172
LRWGSP02-30x	chrX	11027367	11002892	11226221	268
LRWGSP02-30x	chrX	11241078	11229616	11271392	30
LRWGSP02-30x	chrX	11279661	11277571	11304467	26
LRWGSP02-30x	chrX	11320766	11317322	11630610	350
LRWGSP02-30x	chrX	11646762	11642446	11854224	262
LRWGSP02-30x	chrX	11873705	11854939	11972177	120
LRWGSP02-30x	chrX	11992023	11980919	12046945	78
LRWGSP02-30x	chrX	12061041	12048112	12207011	174
LRWGSP02-30x	chrX	12226217	12216472	12321018	136
LRWGSP02-30x	chrX	12329857	12322677	12368049	62
LRWGSP02-30x	chrX	12384522	12369768	12520985	200
LRWGSP02-30x	chrX	12546177	12535976	12573589	34
LRWGSP02-30x	chrX	12585226	12583372	12664829	80
LRWGSP02-30x	chrX	12678053	12665234	12844942	174
LRWGSP02-30x	chrX	12869830	12852010	12980156	168
LRWGSP02-30x	chrX	12985018	12983755	13220384	236
LRWGSP02-30x	chrX	13227424	13224618	13325145	92
LRWGSP02-30x	chrX	13353182	13341580	13529672	200
LRWGSP02-30x	chrX	13553336	13546606	13838065	324
LRWGSP02-30x	chrX	13859453	13840825	14035652	192
LRWGSP02-30x	chrX	14051593	14039553	14276708	188
LRWGSP02-30x	chrX	14304393	14291941	14336282	52
LRWGSP02-30x	chrX	14347537	14345497	14519272	192
LRWGSP02-30x	chrX	14540221	14527561	14632189	114
LRWGSP02-30x	chrX	14642595	14634540	14769117	174
LRWGSP02-30x	chrX	14785964	14772882	14790540	16
LRWGSP02-30x	chrX	14809918	14791254	14903833	104
LRWGSP02-30x	chrX	14921542	14909063	14979405	78
LRWGSP02-30x	chrX	14993107	14980956	15066477	72
LRWGSP02-30x	chrX	15100102	15098586	15125788	40
LRWGSP02-30x	chrX	15161750	15134657	15623866	546
LRWGSP02-30x	chrX	15642926	15627693	15738175	104
LRWGSP02-30x	chrX	15740184	15739827	15880044	174
LRWGSP02-30x	chrX	15898870	15896068	15926367	26
LRWGSP02-30x	chrX	15933343	15930146	16112238	204
LRWGSP02-30x	chrX	16131155	16121413	16360178	246
LRWGSP02-30x	chrX	16380328	16373501	16831813	512
LRWGSP02-30x	chrX	16847128	16835850	17025272	214
LRWGSP02-30x	chrX	17032436	17029410	17144496	140
LRWGSP02-30x	chrX	17163224	17150603	17267540	134
LRWGSP02-30x	chrX	17293776	17271785	17471793	184
LRWGSP02-30x	chrX	17486191	17476781	17972334	518
LRWGSP02-30x	chrX	17990863	17976134	18066950	100
LRWGSP02-30x	chrX	18077764	18073577	18368917	326
LRWGSP02-30x	chrX	18385582	18371735	18687613	340
LRWGSP02-30x	chrX	18695355	18688749	18894153	280
LRWGSP02-30x	chrX	18909550	18903072	19174817	300
LRWGSP02-30x	chrX	19188531	19178213	19296013	110
LRWGSP02-30x	chrX	19325901	19308598	19469264	136
LRWGSP02-30x	chrX	19475734	19471163	19519573	40
LRWGSP02-30x	chrX	19525030	19523740	19838317	412
LRWGSP02-30x	chrX	19852559	19846282	19953355	120
LRWGSP02-30x	chrX	19961537	19958331	20154160	246
LRWGSP02-30x	chrX	20157340	20156123	20170759	14
LRWGSP02-30x	chrX	20180100	20173119	20324707	196
LRWGSP02-30x	chrX	20348765	20327599	20390206	54
LRWGSP02-30x	chrX	20410039	20398185	20451294	44
LRWGSP02-30x	chrX	20461506	20457797	20675091	274
LRWGSP02-30x	chrX	20695174	20687425	20761301	52
LRWGSP02-30x	chrX	20770183	20767039	21091434	352
LRWGSP02-30x	chrX	21111180	21096805	21144691	26
LRWGSP02-30x	chrX	21161173	21147965	21576419	484
LRWGSP02-30x	chrX	21591528	21581197	21704036	152
LRWGSP02-30x	chrX	21719515	21715195	21758016	56
LRWGSP02-30x	chrX	21771839	21764213	21906761	222
LRWGSP02-30x	chrX	21919628	21915249	21963896	54
LRWGSP02-30x	chrX	21970745	21966868	22704407	834
LRWGSP02-30x	chrX	22733120	22727959	22753535	36
LRWGSP02-30x	chrX	22762868	22756711	22868144	106
LRWGSP02-30x	chrX	22899552	22876046	22893439	12
LRWGSP02-30x	chrX	22920815	22903174	23114500	222
LRWGSP02-30x	chrX	23124210	23116053	23264252	154
LRWGSP02-30x	chrX	23274849	23268243	23352846	66
LRWGSP02-30x	chrX	23364414	23359086	23406150	42
LRWGSP02-30x	chrX	23423615	23407361	23595691	244
LRWGSP02-30x	chrX	23599956	23597337	23982444	566
LRWGSP02-30x	chrX	23994046	23984592	24096815	124
LRWGSP02-30x	chrX	24110522	24108868	24299283	210
LRWGSP02-30x	chrX	24319343	24303650	24498250	212
LRWGSP02-30x	chrX	24521331	24504075	24654805	174
LRWGSP02-30x	chrX	24669501	24655854	24788076	166
LRWGSP02-30x	chrX	24799774	24789157	24837463	48
LRWGSP02-30x	chrX	24846007	24841543	25154064	372
LRWGSP02-30x	chrX	25158234	25157515	25378019	252
LRWGSP02-30x	chrX	25387518	25380564	26178204	840
LRWGSP02-30x	chrX	26202870	26188177	26232772	44
LRWGSP02-30x	chrX	26234499	26233848	26393944	190
LRWGSP02-30x	chrX	26413151	26400991	26494606	96
LRWGSP02-30x	chrX	26510407	26495052	26706811	236
LRWGSP02-30x	chrX	26717075	26709076	26793514	88
LRWGSP02-30x	chrX	26804921	26801304	26813621	8
LRWGSP02-30x	chrX	26825445	26821064	27405271	684
LRWGSP02-30x	chrX	27417560	27410157	27472830	64
LRWGSP02-30x	chrX	27488517	27473638	27532626	54
LRWGSP02-30x	chrX	27544669	27537946	27934930	456
LRWGSP02-30x	chrX	27945434	27939742	28052545	134
LRWGSP02-30x	chrX	28061060	28056970	28096293	46
LRWGSP02-30x	chrX	28107675	28097683	28729596	724
LRWGSP02-30x	chrX	28746856	28736674	28852565	120
LRWGSP02-30x	chrX	28863335	28853609	28960149	96
LRWGSP02-30x	chrX	28969830	28960508	29046509	92
LRWGSP02-30x	chrX	29063931	29053582	29519667	562
LRWGSP02-30x	chrX	29532204	29520559	29665239	148
LRWGSP02-30x	chrX	29688816	29672685	30170069	558
LRWGSP02-30x	chrX	30191432	30184865	30228570	42
LRWGSP02-30x	chrX	30240296	30232613	30327600	108
LRWGSP02-30x	chrX	30340930	30339563	30364037	40
LRWGSP02-30x	chrX	30381706	30373536	30381181	8
LRWGSP02-30x	chrX	30389075	30382747	30419393	50
LRWGSP02-30x	chrX	30445658	30438044	30589973	160
LRWGSP02-30x	chrX	30607832	30593400	30838586	330
LRWGSP02-30x	chrX	30854580	30842298	30899680	68
LRWGSP02-30x	chrX	30913534	30907276	30987232	64
LRWGSP02-30x	chrX	30998859	30991426	31015446	46
LRWGSP02-30x	chrX	31031493	31021897	31154110	168
LRWGSP02-30x	chrX	31168113	31157471	31358767	200
LRWGSP02-30x	chrX	31382991	31382309	31382309	4
LRWGSP02-30x	chrX	31387402	31384446	31393350	12
LRWGSP02-30x	chrX	31402512	31393895	31501144	112
LRWGSP02-30x	chrX	31507584	31503284	31647840	150
LRWGSP02-30x	chrX	31664529	31649002	31779279	152
LRWGSP02-30x	chrX	31794718	31784077	31906949	120
LRWGSP02-30x	chrX	31922495	31914621	32109017	224
LRWGSP02-30x	chrX	32129728	32112077	32196343	58
LRWGSP02-30x	chrX	32211974	32202311	32574475	340
LRWGSP02-30x	chrX	32580011	32576196	32615903	46
LRWGSP02-30x	chrX	32628258	32620659	32689714	114
LRWGSP02-30x	chrX	32708285	32697696	32837981	138
LRWGSP02-30x	chrX	32853769	32843592	32857889	18
LRWGSP02-30x	chrX	32866724	32864183	33074987	238
LRWGSP02-30x	chrX	33092567	33083690	33294261	246
LRWGSP02-30x	chrX	33313676	33298002	33783318	460
LRWGSP02-30x	chrX	33803223	33794608	33839746	50
LRWGSP02-30x	chrX	33852268	33842600	33904226	72
LRWGSP02-30x	chrX	33919000	33910925	34430681	618
LRWGSP02-30x	chrX	34470967	34449672	34555683	126
LRWGSP02-30x	chrX	34572431	34564268	34579087	16
LRWGSP02-30x	chrX	34593047	34583441	34936621	386
LRWGSP02-30x	chrX	34950644	34944774	35091167	166
LRWGSP02-30x	chrX	35096542	35094039	35100170	12
LRWGSP02-30x	chrX	35103611	35103233	35106410	10
LRWGSP02-30x	chrX	35131506	35113256	35153998	44
LRWGSP02-30x	chrX	35168445	35157501	35168732	10
LRWGSP02-30x	chrX	35185132	35177618	35218397	42
LRWGSP02-30x	chrX	35234791	35226258	35426058	198
LRWGSP02-30x	chrX	35439135	35430071	35450227	38
LRWGSP02-30x	chrX	35466773	35452576	35516963	52
LRWGSP02-30x	chrX	35537970	35525859	35598802	60
LRWGSP02-30x	chrX	35608471	35602080	35668388	68
LRWGSP02-30x	chrX	35692072	35677458	35979033	360
LRWGSP02-30x	chrX	36010462	35989287	36201931	280
LRWGSP02-30x	chrX	36242254	36212235	36301004	60
LRWGSP02-30x	chrX	36322274	36309618	36320229	8
LRWGSP02-30x	chrX	36333171	36327133	36374807	72
LRWGSP02-30x	chrX	36387278	36379622	36595080	232
LRWGSP02-30x	chrX	36613606	36596971	36705641	84
LRWGSP02-30x	chrX	36718372	36711051	36822775	108
LRWGSP02-30x	chrX	36839136	36830029	37006229	176
LRWGSP02-30x	chrX	37013457	37012395	37082286	68
LRWGSP02-30x	chrX	37287575	37285838	37629383	330
LRWGSP02-30x	chrX	37657529	37636440	37676935	20
LRWGSP02-30x	chrX	37700930	37682407	37995661	340
LRWGSP02-30x	chrX	38011881	38002857	38117779	130
LRWGSP02-30x	chrX	38141836	38125293	38425099	308
LRWGSP02-30x	chrX	38442169	38429356	38518820	106
LRWGSP02-30x	chrX	38536226	38519355	38782557	306
LRWGSP02-30x	chrX	38797131	38786275	38906200	138
LRWGSP02-30x	chrX	38930921	38915629	38989136	70
LRWGSP02-30x	chrX	39013430	39000623	39026572	24
LRWGSP02-30x	chrX	39040004	39028862	39294360	268
LRWGSP02-30x	chrX	39310817	39300435	39380345	98
LRWGSP02-30x	chrX	39397495	39394732	39444183	38
LRWGSP02-30x	chrX	39460988	39448327	39466349	10
LRWGSP02-30x	chrX	39472316	39468411	39472199	8
LRWGSP02-30x	chrX	39495521	39477183	39493214	6
LRWGSP02-30x	chrX	39519247	39500442	39521073	12
LRWGSP02-30x	chrX	39538077	39522363	39602458	74
LRWGSP02-30x	chrX	39615491	39605941	40046710	486
LRWGSP02-30x	chrX	40065723	40050240	40072968	24
LRWGSP02-30x	chrX	40109969	40091346	40277952	178
LRWGSP02-30x	chrX	40285201	40280447	40503514	236
LRWGSP02-30x	chrX	40514923	40513111	40618064	138
LRWGSP02-30x	chrX	40649795	40629942	40660551	34
LRWGSP02-30x	chrX	40672569	40668782	40739619	60
LRWGSP02-30x	chrX	40747909	40742766	41172592	490
LRWGSP02-30x	chrX	41176532	41174640	41314208	146
LRWGSP02-30x	chrX	41337642	41322085	41527008	212
LRWGSP02-30x	chrX	41543318	41530990	42091117	684
LRWGSP02-30x	chrX	42107350	42093185	42294833	230
LRWGSP02-30x	chrX	42302234	42301531	42318554	28
LRWGSP02-30x	chrX	42331488	42321624	42343100	20
LRWGSP02-30x	chrX	42352550	42346651	42363449	16
LRWGSP02-30x	chrX	42373757	42369457	42392483	24
LRWGSP02-30x	chrX	42405506	42395340	42405658	8
LRWGSP02-30x	chrX	42418399	42413445	42774245	378
LRWGSP02-30x	chrX	42810700	42780740	42892326	106
LRWGSP02-30x	chrX	42911825	42904756	43011016	106
LRWGSP02-30x	chrX	43032942	43025735	43107681	94
LRWGSP02-30x	chrX	43143240	43125030	43432139	342
LRWGSP02-30x	chrX	43456854	43442878	43468542	24
LRWGSP02-30x	chrX	43479437	43476177	43534682	52
LRWGSP02-30x	chrX	43548811	43537616	43998938	584
LRWGSP02-30x	chrX	44005683	44001773	44155001	120
LRWGSP02-30x	chrX	44169751	44156149	44340391	214
LRWGSP02-30x	chrX	44354026	44350278	44628473	340
LRWGSP02-30x	chrX	44637403	44633914	45150141	656
LRWGSP02-30x	chrX	45162904	45155445	45177064	24
LRWGSP02-30x	chrX	45197191	45182524	45242582	76
LRWGSP02-30x	chrX	45251904	45247493	45435263	156
LRWGSP02-30x	chrX	45440949	45439337	45537360	108
LRWGSP02-30x	chrX	45544352	45539495	45587856	68
LRWGSP02-30x	chrX	45608611	45594636	45665396	78
LRWGSP02-30x	chrX	45689444	45670439	45734980	58
LRWGSP02-30x	chrX	45753965	45736420	46135552	438
LRWGSP02-30x	chrX	46148646	46139674	46347477	270
LRWGSP02-30x	chrX	46358679	46349193	46886410	626
LRWGSP02-30x	chrX	46911420	46898885	46928743	34
LRWGSP02-30x	chrX	46948945	46937026	47230932	350
LRWGSP02-30x	chrX	47244097	47239964	47660564	468
LRWGSP02-30x	chrX	47672783	47663371	47684149	16
LRWGSP02-30x	chrX	47700512	47686281	48282702	644
LRWGSP02-30x	chrX	48307033	48295928	48304095	16
LRWGSP02-30x	chrX	48332675	48323085	48397559	62
LRWGSP02-30x	chrX	48417609	48417193	48812309	402
LRWGSP02-30x	chrX	48821214	48819628	49159843	330
LRWGSP02-30x	chrX	49170619	49165023	49233410	68
LRWGSP02-30x	chrX	49253078	49236979	49344826	88
LRWGSP02-30x	chrX	49529592	49528412	49528412	2
LRWGSP02-30x	chrX	49551622	49551005	49551780	4
LRWGSP02-30x	chrX	49568322	49568054	49568054	2
LRWGSP02-30x	chrX	49580576	49578430	49825243	302
LRWGSP02-30x	chrX	49836303	49826957	50082856	332
LRWGSP02-30x	chrX	50096252	50084496	50223942	130
LRWGSP02-30x	chrX	50280172	50278965	50378024	120
LRWGSP02-30x	chrX	50397061	50383133	50428059	54
LRWGSP02-30x	chrX	50435781	50432774	50481692	56
LRWGSP02-30x	chrX	50512945	50500384	50566280	68
LRWGSP02-30x	chrX	50575499	50573996	50647867	94
LRWGSP02-30x	chrX	50661931	50655109	50876357	258
LRWGSP02-30x	chrX	50899944	50882594	51062202	160
LRWGSP02-30x	chrX	51083160	51071034	51369876	330
LRWGSP02-30x	chrX	51385296	51370906	51409219	44
LRWGSP02-30x	chrX	51433445	51414896	51496330	98
LRWGSP02-30x	chrX	51507527	51499234	51536019	58
LRWGSP02-30x	chrX	51563060	51542474	52041169	542
LRWGSP02-30x	chrX	52058728	52056940	52083624	16
LRWGSP02-30x	chrX	52092241	52086422	52262937	156
LRWGSP02-30x	chrX	52277871	52267830	52277239	10
LRWGSP02-30x	chrX	52301307	52286763	52337499	52
LRWGSP02-30x	chrX	52350755	52342676	52408876	106
LRWGSP02-30x	chrX	52421396	52410364	52441871	32
LRWGSP02-30x	chrX	52461237	52454482	52501218	34
LRWGSP02-30x	chrX	52520522	52502775	52669314	154
LRWGSP02-30x	chrX	52725417	52719051	52727560	8
LRWGSP02-30x	chrX	52777635	52775751	52837361	52
LRWGSP02-30x	chrX	52861021	52843751	52874406	30
LRWGSP02-30x	chrX	52881295	52877785	52932904	20
LRWGSP02-30x	chrX	52958964	52955934	53237773	310
LRWGSP02-30x	chrX	53245858	53245137	53455527	214
LRWGSP02-30x	chrX	53465713	53463510	53488843	26
LRWGSP02-30x	chrX	53522521	53503415	53957769	440
LRWGSP02-30x	chrX	53964983	53959420	54036213	88
LRWGSP02-30x	chrX	54056988	54046181	54301646	354
LRWGSP02-30x	chrX	54310736	54305532	54402678	82
LRWGSP02-30x	chrX	54418830	54404683	55249668	940
LRWGSP02-30x	chrX	55287517	55260756	55315441	46
LRWGSP02-30x	chrX	55322261	55315959	55319868	8
LRWGSP02-30x	chrX	55329709	55326262	55453249	118
LRWGSP02-30x	chrX	55470696	55465462	55492737	30
LRWGSP02-30x	chrX	55516607	55515722	55634448	122
LRWGSP02-30x	chrX	55650310	55636619	55653615	14
LRWGSP02-30x	chrX	55671022	55659978	55730062	66
LRWGSP02-30x	chrX	55744056	55731418	55751596	32
LRWGSP02-30x	chrX	55758357	55752662	55905394	196
LRWGSP02-30x	chrX	55922631	55909057	55964797	40
LRWGSP02-30x	chrX	55980956	55972667	56016960	40
LRWGSP02-30x	chrX	56031563	56029314	56143322	108
LRWGSP02-30x	chrX	56146712	56145413	56310111	202
LRWGSP02-30x	chrX	56334854	56319204	56545043	212
LRWGSP02-30x	chrX	56557563	56556757	56591093	46
LRWGSP02-30x	chrX	56611845	56594160	56737100	176
LRWGSP02-30x	chrX	56764702	56756772	57033231	304
LRWGSP02-30x	chrX	57039087	57038563	57097925	62
LRWGSP02-30x	chrX	57117975	57104150	57280482	190
LRWGSP02-30x	chrX	57300065	57281988	57351397	62
LRWGSP02-30x	chrX	57364009	57359876	57463704	114
LRWGSP02-30x	chrX	57496975	57465651	57572059	114
LRWGSP02-30x	chrX	57578154	57573066	57704220	172
LRWGSP02-30x	chrX	57710936	57709659	57994836	326
LRWGSP02-30x	chrX	58018415	58002493	58047767	50
LRWGSP02-30x	chrX	58064812	58052820	58132970	78
LRWGSP02-30x	chrX	58145774	58139200	58148863	18
LRWGSP02-30x	chrX	58156321	58152813	58158229	8
LRWGSP02-30x	chrX	58161684	58159525	58182026	28
LRWGSP02-30x	chrX	58219505	58200294	58413396	236
LRWGSP02-30x	chrX	58425623	58419149	58509018	64
LRWGSP02-30x	chrX	58517388	58513460	58538072	42
LRWGSP02-30x	chrX	58724026	58723767	58723767	2
LRWGSP02-30x	chrX	58805750	58805114	58805178	4
LRWGSP02-30x	chrX	58908032	58907940	58907940	2
LRWGSP02-30x	chrX	58960750	58959790	58965969	4
LRWGSP02-30x	chrX	59032930	59032807	59032807	2
LRWGSP02-30x	chrX	59100086	59100074	59104353	10
LRWGSP02-30x	chrX	59176632	59176322	59176322	2
LRWGSP02-30x	chrX	59185980	59185440	59185440	2
LRWGSP02-30x	chrX	59209722	59209669	59209669	2
LRWGSP02-30x	chrX	59833172	59833075	59833075	2
LRWGSP02-30x	chrX	59910868	59910725	59910725	2
LRWGSP02-30x	chrX	60385262	60379447	60385514	6
LRWGSP02-30x	chrX	60557864	60557136	60557136	4
LRWGSP02-30x	chrX	60665860	60665819	60665819	2
LRWGSP02-30x	chrX	60682522	60681693	60681693	2
LRWGSP02-30x	chrX	60801675	60801428	60801428	2
LRWGSP02-30x	chrX	61241730	61240836	61240836	2
LRWGSP02-30x	chrX	61941160	61940897	61940897	2
LRWGSP02-30x	chrX	62462837	62462543	62552460	126
LRWGSP02-30x	chrX	62556378	62553295	62680425	144
LRWGSP02-30x	chrX	62701521	62688048	62947283	290
LRWGSP02-30x	chrX	62961208	62950232	63126401	218
LRWGSP02-30x	chrX	63174111	63172565	63189131	14
LRWGSP02-30x	chrX	63219604	63218965	63274210	38
LRWGSP02-30x	chrX	63288303	63278649	63287364	8
LRWGSP02-30x	chrX	63303547	63300921	63353928	86
LRWGSP02-30x	chrX	63373149	63358836	63549324	208
LRWGSP02-30x	chrX	63564624	63553385	63598052	40
LRWGSP02-30x	chrX	63605496	63599513	63666168	88
LRWGSP02-30x	chrX	63677560	63672150	63922646	316
LRWGSP02-30x	chrX	63950325	63928948	64023763	102
LRWGSP02-30x	chrX	64036276	64024718	64378698	396
LRWGSP02-30x	chrX	64386224	64379932	64386163	4
LRWGSP02-30x	chrX	64398473	64395198	64568654	214
LRWGSP02-30x	chrX	64581239	64574422	64688707	136
LRWGSP02-30x	chrX	64707206	64692956	64784029	102
LRWGSP02-30x	chrX	64796379	64788002	65042924	294
LRWGSP02-30x	chrX	65068105	65052267	65251602	196
LRWGSP02-30x	chrX	65266761	65258288	65284117	30
LRWGSP02-30x	chrX	65300338	65290150	65425638	156
LRWGSP02-30x	chrX	65439133	65431398	65679870	284
LRWGSP02-30x	chrX	65702007	65700365	65885725	248
LRWGSP02-30x	chrX	65924291	65900591	66504673	656
LRWGSP02-30x	chrX	66519570	66507585	66606395	124
LRWGSP02-30x	chrX	66628364	66608919	66667011	42
LRWGSP02-30x	chrX	66687135	66667755	66757077	90
LRWGSP02-30x	chrX	66770446	66758102	66811484	52
LRWGSP02-30x	chrX	66837347	66833809	67010581	176
LRWGSP02-30x	chrX	67032695	67021867	67036332	14
LRWGSP02-30x	chrX	67055908	67038862	67201440	174
LRWGSP02-30x	chrX	67227336	67209682	67249331	34
LRWGSP02-30x	chrX	67272426	67257761	67272960	22
LRWGSP02-30x	chrX	67291067	67279186	67578076	310
LRWGSP02-30x	chrX	67589269	67581764	67625219	40
LRWGSP02-30x	chrX	67632663	67629125	68189467	590
LRWGSP02-30x	chrX	68203451	68191329	68200679	16
LRWGSP02-30x	chrX	68222856	68216898	68812094	690
LRWGSP02-30x	chrX	68829640	68815400	68855023	30
LRWGSP02-30x	chrX	68866119	68863307	68939889	68
LRWGSP02-30x	chrX	68960375	68948597	68970210	24
LRWGSP02-30x	chrX	68993529	68973990	69029915	52
LRWGSP02-30x	chrX	69046565	69039552	69143207	84
LRWGSP02-30x	chrX	69153016	69148122	69445296	306
LRWGSP02-30x	chrX	69454435	69446648	69657797	228
LRWGSP02-30x	chrX	69669061	69661462	69668912	8
LRWGSP02-30x	chrX	69687359	69681078	69797637	134
LRWGSP02-30x	chrX	69810756	69803373	70009637	246
LRWGSP02-30x	chrX	70032264	70013061	70093595	58
LRWGSP02-30x	chrX	70103653	70097983	70212109	132
LRWGSP02-30x	chrX	70230467	70217943	70455567	250
LRWGSP02-30x	chrX	70466247	70459744	71556243	1182
LRWGSP02-30x	chrX	71563974	71553279	71679769	144
LRWGSP02-30x	chrX	71725518	71722201	71739905	12
LRWGSP02-30x	chrX	71783689	71781060	71790057	12
LRWGSP02-30x	chrX	71814996	71794970	71807977	6
LRWGSP02-30x	chrX	71829644	71819601	71856340	30
LRWGSP02-30x	chrX	71875607	71856954	71856955	4
LRWGSP02-30x	chrX	71884994	71880163	72220920	392
LRWGSP02-30x	chrX	72232273	72230693	72635414	542
LRWGSP02-30x	chrX	72649991	72639291	72738037	136
LRWGSP02-30x	chrX	72839216	72838908	72839280	4
LRWGSP02-30x	chrX	72843943	72842899	72865968	18
LRWGSP02-30x	chrX	72914217	72914123	72914123	2
LRWGSP02-30x	chrX	72970459	72968396	73202574	256
LRWGSP02-30x	chrX	73213522	73209217	73312120	98
LRWGSP02-30x	chrX	73331681	73321519	73394527	86
LRWGSP02-30x	chrX	73407916	73396573	73463223	62
LRWGSP02-30x	chrX	73471300	73468664	73600331	156
LRWGSP02-30x	chrX	73625108	73604584	73650471	36
LRWGSP02-30x	chrX	73666684	73652289	73744019	102
LRWGSP02-30x	chrX	73761016	73753320	73760934	14
LRWGSP02-30x	chrX	73786772	73768151	74377575	664
LRWGSP02-30x	chrX	74398396	74386378	74471724	84
LRWGSP02-30x	chrX	74485216	74477663	74693380	322
LRWGSP02-30x	chrX	74722894	74702295	74979225	266
LRWGSP02-30x	chrX	74996199	74985605	75072570	112
LRWGSP02-30x	chrX	75096784	75079665	75122727	48
LRWGSP02-30x	chrX	75150081	75127291	75514460	410
LRWGSP02-30x	chrX	75523496	75516012	75605210	100
LRWGSP02-30x	chrX	75624606	75609103	75977395	400
LRWGSP02-30x	chrX	75998763	75980432	76006416	22
LRWGSP02-30x	chrX	76020607	76008602	76067915	52
LRWGSP02-30x	chrX	76091696	76076726	76093631	12
LRWGSP02-30x	chrX	76113629	76102515	76243095	176
LRWGSP02-30x	chrX	76271140	76261231	76312527	76
LRWGSP02-30x	chrX	76329755	76319568	76518976	236
LRWGSP02-30x	chrX	76528067	76523324	76576948	62
LRWGSP02-30x	chrX	76594442	76583970	76607370	28
LRWGSP02-30x	chrX	76634118	76613209	76661852	36
LRWGSP02-30x	chrX	76688151	76678917	76753452	110
LRWGSP02-30x	chrX	76778377	76758372	77015099	280
LRWGSP02-30x	chrX	77047869	77037622	77063879	24
LRWGSP02-30x	chrX	77071972	77064442	77070416	10
LRWGSP02-30x	chrX	77088150	77075993	77140469	68
LRWGSP02-30x	chrX	77155421	77149545	77158410	8
LRWGSP02-30x	chrX	77164121	77161116	77172355	20
LRWGSP02-30x	chrX	77203038	77189041	77225490	20
LRWGSP02-30x	chrX	77235687	77229463	77294094	76
LRWGSP02-30x	chrX	77316385	77300896	77402696	116
LRWGSP02-30x	chrX	77431481	77427480	77692335	266
LRWGSP02-30x	chrX	77697274	77695594	78197161	604
LRWGSP02-30x	chrX	78207605	78200184	78382165	180
LRWGSP02-30x	chrX	78399387	78391332	78506889	130
LRWGSP02-30x	chrX	78515953	78510616	78724929	252
LRWGSP02-30x	chrX	78744384	78730694	78961164	252
LRWGSP02-30x	chrX	78977109	78967461	79219254	312
LRWGSP02-30x	chrX	79246176	79228343	79378866	120
LRWGSP02-30x	chrX	79427513	79402573	79446900	28
LRWGSP02-30x	chrX	79450446	79449043	79468764	20
LRWGSP02-30x	chrX	79488029	79474758	79489550	14
LRWGSP02-30x	chrX	79499057	79493168	80099524	648
LRWGSP02-30x	chrX	80110741	80100877	80124568	30
LRWGSP02-30x	chrX	80136241	80127703	80227068	124
LRWGSP02-30x	chrX	80240236	80234573	80446488	220
LRWGSP02-30x	chrX	80459586	80448606	80970653	562
LRWGSP02-30x	chrX	80994349	80979510	81043250	64
LRWGSP02-30x	chrX	81047059	81044715	81291463	244
LRWGSP02-30x	chrX	81302768	81294053	81367521	106
LRWGSP02-30x	chrX	81380729	81371142	81430825	62
LRWGSP02-30x	chrX	81441959	81435059	81528401	88
LRWGSP02-30x	chrX	81540767	81535481	81548663	14
LRWGSP02-30x	chrX	81566568	81557166	81578825	16
LRWGSP02-30x	chrX	81583834	81580747	81924051	322
LRWGSP02-30x	chrX	81944160	81936847	82032722	100
LRWGSP02-30x	chrX	82050306	82039456	82095054	64
LRWGSP02-30x	chrX	82102488	82100876	82102767	6
LRWGSP02-30x	chrX	82119264	82104747	82205745	112
LRWGSP02-30x	chrX	82220437	82211504	82285227	86
LRWGSP02-30x	chrX	82306591	82295318	82364652	94
LRWGSP02-30x	chrX	82411551	82402658	82451988	58
LRWGSP02-30x	chrX	82470258	82457426	82535318	68
LRWGSP02-30x	chrX	82542538	82539264	82770299	244
LRWGSP02-30x	chrX	82810145	82783919	82813227	16
LRWGSP02-30x	chrX	82828980	82816120	82884139	72
LRWGSP02-30x	chrX	82912183	82903424	82947173	42
LRWGSP02-30x	chrX	82970252	82959020	83083089	174
LRWGSP02-30x	chrX	83098923	83089430	83237442	154
LRWGSP02-30x	chrX	83254772	83246531	83466942	256
LRWGSP02-30x	chrX	83488904	83473283	83884333	418
LRWGSP02-30x	chrX	83908302	83885171	84316535	456
LRWGSP02-30x	chrX	84341715	84319019	84791859	396
LRWGSP02-30x	chrX	84809013	84793031	84836537	30
LRWGSP02-30x	chrX	84840256	84837908	84920430	86
LRWGSP02-30x	chrX	84954534	84925558	84993390	70
LRWGSP02-30x	chrX	85008507	84997699	85307670	368
LRWGSP02-30x	chrX	85319187	85309426	85553444	232
LRWGSP02-30x	chrX	85561874	85557341	85585317	40
LRWGSP02-30x	chrX	85611869	85600851	85918483	350
LRWGSP02-30x	chrX	85939871	85922289	86264993	374
LRWGSP02-30x	chrX	86272199	86268449	86298072	32
LRWGSP02-30x	chrX	86315788	86298565	86565965	310
LRWGSP02-30x	chrX	86579096	86572854	86884029	308
LRWGSP02-30x	chrX	86906919	86891470	87148635	294
LRWGSP02-30x	chrX	87156952	87149230	87716195	564
LRWGSP02-30x	chrX	87731036	87718506	87812809	94
LRWGSP02-30x	chrX	87832714	87816659	88103344	312
LRWGSP02-30x	chrX	88119054	88107379	88199681	76
LRWGSP02-30x	chrX	88229044	88217029	88398287	176
LRWGSP02-30x	chrX	88412660	88400877	88563817	170
LRWGSP02-30x	chrX	88577982	88566677	88740312	196
LRWGSP02-30x	chrX	88751375	88741362	89009482	230
LRWGSP02-30x	chrX	89017482	89010635	89301662	328
LRWGSP02-30x	chrX	89321211	89305263	89522012	212
LRWGSP02-30x	chrX	89533346	89526693	89589481	62
LRWGSP02-30x	chrX	89598519	89594064	89763333	228
LRWGSP02-30x	chrX	89780982	89775257	89980271	244
LRWGSP02-30x	chrX	89997312	89981672	90083822	106
LRWGSP02-30x	chrX	90107597	90090441	90160281	84
LRWGSP02-30x	chrX	90171829	90163620	90208976	52
LRWGSP02-30x	chrX	90225479	90209345	90373315	184
LRWGSP02-30x	chrX	90386990	90374769	90456402	84
LRWGSP02-30x	chrX	90480620	90464491	91140842	740
LRWGSP02-30x	chrX	91166386	91145543	91193795	48
LRWGSP02-30x	chrX	91204711	91200372	91207631	18
LRWGSP02-30x	chrX	91222712	91209033	91229804	28
LRWGSP02-30x	chrX	91248640	91233303	91388026	174
LRWGSP02-30x	chrX	91406236	91393179	91599336	246
LRWGSP02-30x	chrX	91623630	91610525	91892541	270
LRWGSP02-30x	chrX	91899627	91894238	92255190	412
LRWGSP02-30x	chrX	92282061	92263167	92303904	18
LRWGSP02-30x	chrX	92323725	92318826	92380006	70
LRWGSP02-30x	chrX	92404185	92384076	92503890	124
LRWGSP02-30x	chrX	92524636	92514579	93041254	548
LRWGSP02-30x	chrX	93054655	93043608	93128178	116
LRWGSP02-30x	chrX	93146240	93133191	93288419	112
LRWGSP02-30x	chrX	93309590	93290159	93311469	18
LRWGSP02-30x	chrX	93332898	93321371	93733956	470
LRWGSP02-30x	chrX	93756643	93739332	93845778	124
LRWGSP02-30x	chrX	93880252	93870862	94440186	586
LRWGSP02-30x	chrX	94463279	94453912	94623296	170
LRWGSP02-30x	chrX	94639645	94628297	94644286	18
LRWGSP02-30x	chrX	94659781	94647306	95082691	458
LRWGSP02-30x	chrX	95112323	95089513	95100644	6
LRWGSP02-30x	chrX	95139001	95124205	95243413	122
LRWGSP02-30x	chrX	95264097	95246744	95273179	26
LRWGSP02-30x	chrX	95289377	95288125	95382698	90
LRWGSP02-30x	chrX	95398917	95396546	95529834	132
LRWGSP02-30x	chrX	95549417	95537766	95638299	82
LRWGSP02-30x	chrX	95661004	95644334	95807436	146
LRWGSP02-30x	chrX	95836694	95818209	96080129	270
LRWGSP02-30x	chrX	96100118	96079019	96184108	118
LRWGSP02-30x	chrX	96200686	96185411	96226480	40
LRWGSP02-30x	chrX	96237649	96231120	96256870	26
LRWGSP02-30x	chrX	96264900	96259087	96493320	308
LRWGSP02-30x	chrX	96527178	96506625	96588207	94
LRWGSP02-30x	chrX	96630656	96607974	97132396	628
LRWGSP02-30x	chrX	97143449	97133682	97465683	346
LRWGSP02-30x	chrX	97474765	97471339	97489579	26
LRWGSP02-30x	chrX	97502753	97494558	97685852	222
LRWGSP02-30x	chrX	97694738	97691459	97703879	24
LRWGSP02-30x	chrX	97710700	97708097	98013023	308
LRWGSP02-30x	chrX	98029513	98018416	98031934	10
LRWGSP02-30x	chrX	98057883	98044276	98218572	174
LRWGSP02-30x	chrX	98224543	98222889	98319490	90
LRWGSP02-30x	chrX	98324269	98320599	98329411	14
LRWGSP02-30x	chrX	98341896	98330406	98416110	102
LRWGSP02-30x	chrX	98430404	98424318	98585971	196
LRWGSP02-30x	chrX	98605366	98599286	98630075	30
LRWGSP02-30x	chrX	98637387	98634933	98696993	56
LRWGSP02-30x	chrX	98707619	98703735	98732943	36
LRWGSP02-30x	chrX	98746628	98737627	98749867	16
LRWGSP02-30x	chrX	98781403	98768040	98882363	130
LRWGSP02-30x	chrX	98895622	98884303	98940917	58
LRWGSP02-30x	chrX	98955221	98943955	99095001	186
LRWGSP02-30x	chrX	99140489	99124904	99345964	226
LRWGSP02-30x	chrX	99356543	99348076	99742708	436
LRWGSP02-30x	chrX	99774371	99751554	99983927	238
LRWGSP02-30x	chrX	99997585	99987554	100032646	42
LRWGSP02-30x	chrX	100043611	100035546	100110562	100
LRWGSP02-30x	chrX	100124166	100111923	100420167	300
LRWGSP02-30x	chrX	100440426	100424423	100468606	52
LRWGSP02-30x	chrX	100486080	100469565	101257654	906
LRWGSP02-30x	chrX	101271952	101266890	101333150	78
LRWGSP02-30x	chrX	101341784	101336124	101608294	328
LRWGSP02-30x	chrX	101618525	101611600	101819828	200
LRWGSP02-30x	chrX	101834156	101820365	101834017	12
LRWGSP02-30x	chrX	101847898	101838731	101999593	192
LRWGSP02-30x	chrX	102030045	102017650	102084951	70
LRWGSP02-30x	chrX	102105734	102087949	102192537	146
LRWGSP02-30x	chrX	102280524	102279049	102279948	4
LRWGSP02-30x	chrX	102330373	102327567	102343340	18
LRWGSP02-30x	chrX	102455104	102449291	102484833	38
LRWGSP02-30x	chrX	102506620	102487982	102515053	24
LRWGSP02-30x	chrX	102535490	102519812	102650373	120
LRWGSP02-30x	chrX	102668086	102658741	102733096	90
LRWGSP02-30x	chrX	102745177	102738096	103040569	324
LRWGSP02-30x	chrX	103053206	103043379	103288121	260
LRWGSP02-30x	chrX	103311318	103299967	103464886	172
LRWGSP02-30x	chrX	103481177	103465714	103513517	40
LRWGSP02-30x	chrX	103524361	103520308	103827688	314
LRWGSP02-30x	chrX	103866563	103837440	103884324	26
LRWGSP02-30x	chrX	103894617	103886279	104014041	92
LRWGSP02-30x	chrX	104060773	104036344	104224269	162
LRWGSP02-30x	chrX	104237581	104225449	104319666	98
LRWGSP02-30x	chrX	104338609	104331240	104458210	114
LRWGSP02-30x	chrX	104471275	104462782	104645953	240
LRWGSP02-30x	chrX	104668682	104655275	104685862	34
LRWGSP02-30x	chrX	104715680	104689556	104781531	92
LRWGSP02-30x	chrX	104798500	104796348	104809420	16
LRWGSP02-30x	chrX	104826575	104822318	104836950	14
LRWGSP02-30x	chrX	104866326	104846189	104946971	90
LRWGSP02-30x	chrX	104963936	104952300	105098408	168
LRWGSP02-30x	chrX	105132162	105104386	105505525	428
LRWGSP02-30x	chrX	105521101	105516530	105562408	58
LRWGSP02-30x	chrX	105590387	105576648	105863837	338
LRWGSP02-30x	chrX	105900151	105884414	105921752	42
LRWGSP02-30x	chrX	105971248	105942818	106129043	150
LRWGSP02-30x	chrX	106134845	106133870	106162734	28
LRWGSP02-30x	chrX	106175040	106165056	106236840	94
LRWGSP02-30x	chrX	106256012	106243040	106271271	28
LRWGSP02-30x	chrX	106294965	106278549	106542484	248
LRWGSP02-30x	chrX	106570849	106546534	106632740	104
LRWGSP02-30x	chrX	106644690	106637902	106707883	106
LRWGSP02-30x	chrX	106725573	106724762	106782609	66
LRWGSP02-30x	chrX	106800407	106787839	106861752	66
LRWGSP02-30x	chrX	106872455	106869061	107258922	484
LRWGSP02-30x	chrX	107284611	107273380	107465394	234
LRWGSP02-30x	chrX	107479835	107474021	107560013	104
LRWGSP02-30x	chrX	107567848	107560620	107672213	104
LRWGSP02-30x	chrX	107692362	107684981	107766714	96
LRWGSP02-30x	chrX	107780629	107770709	107826032	62
LRWGSP02-30x	chrX	107837597	107833124	107862915	12
LRWGSP02-30x	chrX	107867317	107863546	107954386	124
LRWGSP02-30x	chrX	107993064	107975144	108129270	124
LRWGSP02-30x	chrX	108148467	108132463	108227550	70
LRWGSP02-30x	chrX	108240754	108239633	108339329	138
LRWGSP02-30x	chrX	108351431	108350596	108396039	46
LRWGSP02-30x	chrX	108405201	108402951	108406426	6
LRWGSP02-30x	chrX	108421670	108411309	108443552	28
LRWGSP02-30x	chrX	108450813	108445368	108691302	292
LRWGSP02-30x	chrX	108707466	108690904	108792278	140
LRWGSP02-30x	chrX	108806859	108794905	109109108	328
LRWGSP02-30x	chrX	109123009	109111759	109305013	222
LRWGSP02-30x	chrX	109325787	109313850	109422775	136
LRWGSP02-30x	chrX	109435132	109426672	109486515	64
LRWGSP02-30x	chrX	109537559	109518632	109600006	86
LRWGSP02-30x	chrX	109614974	109604436	110107808	530
LRWGSP02-30x	chrX	110130047	110122402	110152880	30
LRWGSP02-30x	chrX	110154243	110153552	110356095	222
LRWGSP02-30x	chrX	110378008	110357621	110447817	74
LRWGSP02-30x	chrX	110474127	110458372	110543972	102
LRWGSP02-30x	chrX	110570224	110552543	110571171	24
LRWGSP02-30x	chrX	110596756	110576059	110676959	100
LRWGSP02-30x	chrX	110686732	110679320	110689545	12
LRWGSP02-30x	chrX	110699806	110690991	110868187	172
LRWGSP02-30x	chrX	110883955	110876511	110926174	62
LRWGSP02-30x	chrX	110939272	110931444	111061335	156
LRWGSP02-30x	chrX	111078271	111067624	111141035	62
LRWGSP02-30x	chrX	111165973	111155352	111380319	276
LRWGSP02-30x	chrX	111404232	111390410	111679479	352
LRWGSP02-30x	chrX	111699894	111687268	111884619	192
LRWGSP02-30x	chrX	111899302	111893987	111995531	128
LRWGSP02-30x	chrX	112019440	112000491	112311432	342
LRWGSP02-30x	chrX	112326770	112318656	112357279	28
LRWGSP02-30x	chrX	112368255	112357633	112359176	8
LRWGSP02-30x	chrX	112379374	112370594	112466409	84
LRWGSP02-30x	chrX	112479394	112470478	112814103	416
LRWGSP02-30x	chrX	112831829	112817000	113148287	352
LRWGSP02-30x	chrX	113153580	113149110	113177970	18
LRWGSP02-30x	chrX	113201573	113189283	113299762	90
LRWGSP02-30x	chrX	113328776	113305486	113430991	146
LRWGSP02-30x	chrX	113456624	113443428	113796507	388
LRWGSP02-30x	chrX	113814962	113798409	114170354	428
LRWGSP02-30x	chrX	114185806	114172772	114275972	98
LRWGSP02-30x	chrX	114331223	114331199	114606797	350
LRWGSP02-30x	chrX	114622781	114608387	114730880	116
LRWGSP02-30x	chrX	114740958	114734050	114825959	106
LRWGSP02-30x	chrX	114864900	114845960	114873908	18
LRWGSP02-30x	chrX	114892920	114888894	114898373	16
LRWGSP02-30x	chrX	114919828	114906733	114997902	84
LRWGSP02-30x	chrX	115018184	115008916	115050761	36
LRWGSP02-30x	chrX	115062684	115060991	115732104	704
LRWGSP02-30x	chrX	115839776	115838950	115882970	12
LRWGSP02-30x	chrX	115907577	115900514	115933266	44
LRWGSP02-30x	chrX	115950491	115938491	116241201	322
LRWGSP02-30x	chrX	116255524	116244890	116337206	112
LRWGSP02-30x	chrX	116350262	116341903	116399333	52
LRWGSP02-30x	chrX	116404059	116401359	116486882	94
LRWGSP02-30x	chrX	116501534	116488160	116556881	64
LRWGSP02-30x	chrX	116598122	116595567	116616386	40
LRWGSP02-30x	chrX	116655145	116632261	116676271	48
LRWGSP02-30x	chrX	116701568	116686780	116954749	294
LRWGSP02-30x	chrX	116978254	116958581	116998390	22
LRWGSP02-30x	chrX	117009728	117005125	117103626	124
LRWGSP02-30x	chrX	117123642	117112451	117375527	310
LRWGSP02-30x	chrX	117391625	117379195	117390929	8
LRWGSP02-30x	chrX	117399825	117395980	117676013	200
LRWGSP02-30x	chrX	117694842	117681871	118212928	560
LRWGSP02-30x	chrX	118217338	118215810	118284433	76
LRWGSP02-30x	chrX	118306608	118290746	118852142	650
LRWGSP02-30x	chrX	118863952	118857648	118992991	154
LRWGSP02-30x	chrX	119011397	119003895	119167190	198
LRWGSP02-30x	chrX	119175635	119168797	119386092	260
LRWGSP02-30x	chrX	119394866	119394247	119430775	42
LRWGSP02-30x	chrX	119443116	119433572	119811265	414
LRWGSP02-30x	chrX	119740079	119737696	119738963	4
LRWGSP02-30x	chrX	119742583	119742575	119742575	2
LRWGSP02-30x	chrX	119828064	119817288	119926953	94
LRWGSP02-30x	chrX	119930584	119928817	119990705	80
LRWGSP02-30x	chrX	120006688	119997787	120036194	34
LRWGSP02-30x	chrX	120061637	120057837	120147705	86
LRWGSP02-30x	chrX	120185363	120184608	120511548	332
LRWGSP02-30x	chrX	120525602	120518079	120522903	8
LRWGSP02-30x	chrX	120531308	120529117	120732425	212
LRWGSP02-30x	chrX	120759034	120746572	120863484	110
LRWGSP02-30x	chrX	120957852	120952675	120955350	4
LRWGSP02-30x	chrX	120990446	120977767	121130570	160
LRWGSP02-30x	chrX	121149243	121145023	121390943	292
LRWGSP02-30x	chrX	121396707	121394509	121491055	104
LRWGSP02-30x	chrX	121518289	121500997	121573404	68
LRWGSP02-30x	chrX	121578668	121574605	121592034	20
LRWGSP02-30x	chrX	121609844	121598896	121780204	216
LRWGSP02-30x	chrX	121793057	121780649	121855984	82
LRWGSP02-30x	chrX	121861458	121857706	121861848	10
LRWGSP02-30x	chrX	121880645	121870086	122150596	354
LRWGSP02-30x	chrX	122174054	122167836	122193682	24
LRWGSP02-30x	chrX	122211446	122198903	122230807	34
LRWGSP02-30x	chrX	122252935	122236198	122322158	108
LRWGSP02-30x	chrX	122353733	122342040	122529882	206
LRWGSP02-30x	chrX	122541540	122531340	122596695	68
LRWGSP02-30x	chrX	122602836	122599118	122608475	12
LRWGSP02-30x	chrX	122629808	122622622	122756156	148
LRWGSP02-30x	chrX	122769862	122763121	122800716	48
LRWGSP02-30x	chrX	122815533	122808676	122859254	68
LRWGSP02-30x	chrX	122895782	122871311	123022086	156
LRWGSP02-30x	chrX	123048631	123036933	124546799	1822
LRWGSP02-30x	chrX	124557389	124553784	124718960	178
LRWGSP02-30x	chrX	124741535	124726946	125312119	718
LRWGSP02-30x	chrX	125333888	125315429	125375576	68
LRWGSP02-30x	chrX	125390770	125376126	125455435	98
LRWGSP02-30x	chrX	125482669	125461463	125616571	168
LRWGSP02-30x	chrX	125636371	125624614	126355011	756
LRWGSP02-30x	chrX	126369703	126361159	126370199	8
LRWGSP02-30x	chrX	126379842	126372152	126432092	66
LRWGSP02-30x	chrX	126446395	126435947	126598525	180
LRWGSP02-30x	chrX	126616905	126605666	126738786	120
LRWGSP02-30x	chrX	126756217	126744488	126829756	96
LRWGSP02-30x	chrX	126845880	126834490	126897261	68
LRWGSP02-30x	chrX	126910560	126905505	126912388	8
LRWGSP02-30x	chrX	126924330	126917948	127267832	338
LRWGSP02-30x	chrX	127272777	127270276	127613086	352
LRWGSP02-30x	chrX	127625145	127621036	127659295	44
LRWGSP02-30x	chrX	127673479	127664801	127985067	370
LRWGSP02-30x	chrX	128011692	127996510	128122614	148
LRWGSP02-30x	chrX	128141540	128124567	128176477	54
LRWGSP02-30x	chrX	128187774	128177430	128587285	492
LRWGSP02-30x	chrX	128609400	128601594	128790328	204
LRWGSP02-30x	chrX	128797693	128791504	128859999	98
LRWGSP02-30x	chrX	128880854	128866780	128995658	108
LRWGSP02-30x	chrX	129001035	128997283	129049448	60
LRWGSP02-30x	chrX	129060283	129058383	129161875	118
LRWGSP02-30x	chrX	129176672	129170713	129316409	134
LRWGSP02-30x	chrX	129343107	129328818	129372492	32
LRWGSP02-30x	chrX	129381860	129375148	129546749	208
LRWGSP02-30x	chrX	129568974	129556579	129636227	96
LRWGSP02-30x	chrX	129656604	129646121	129665249	8
LRWGSP02-30x	chrX	129684390	129669846	129874959	200
LRWGSP02-30x	chrX	129889055	129882865	130520765	662
LRWGSP02-30x	chrX	130544924	130531275	130545446	12
LRWGSP02-30x	chrX	130555640	130552782	130575600	50
LRWGSP02-30x	chrX	130594070	130586013	130802187	228
LRWGSP02-30x	chrX	130815581	130804813	130857517	70
LRWGSP02-30x	chrX	130874047	130862084	131106294	288
LRWGSP02-30x	chrX	131117619	131107150	131137747	36
LRWGSP02-30x	chrX	131155252	131148367	131181315	44
LRWGSP02-30x	chrX	131199383	131187406	131425354	264
LRWGSP02-30x	chrX	131457994	131443572	131817857	410
LRWGSP02-30x	chrX	131840153	131821487	131855335	34
LRWGSP02-30x	chrX	131871479	131857321	131952081	118
LRWGSP02-30x	chrX	131979732	131953572	132144320	176
LRWGSP02-30x	chrX	132155169	132151524	132491970	384
LRWGSP02-30x	chrX	132496813	132493057	132640363	182
LRWGSP02-30x	chrX	132657546	132647804	132661072	12
LRWGSP02-30x	chrX	132680229	132664771	133013009	342
LRWGSP02-30x	chrX	133025031	133021039	133343357	350
LRWGSP02-30x	chrX	133352771	133346607	133456238	110
LRWGSP02-30x	chrX	133470459	133461341	133694739	238
LRWGSP02-30x	chrX	133703460	133697790	133720137	26
LRWGSP02-30x	chrX	133739683	133728876	134685029	1056
LRWGSP02-30x	chrX	134693838	134691689	134919934	290
LRWGSP02-30x	chrX	134930104	134929951	134930159	6
LRWGSP02-30x	chrX	134931533	134931298	134931471	4
LRWGSP02-30x	chrX	134936521	134934128	134934745	4
LRWGSP02-30x	chrX	134941209	134940748	135086625	160
LRWGSP02-30x	chrX	135099473	135099192	135371593	256
LRWGSP02-30x	chrX	135393931	135376739	135661255	310
LRWGSP02-30x	chrX	135681402	135671426	135694376	24
LRWGSP02-30x	chrX	135705547	135695808	135720566	30
LRWGSP02-30x	chrX	135742495	135730142	135785725	48
LRWGSP02-30x	chrX	135867642	135867279	135896932	32
LRWGSP02-30x	chrX	135917994	135901900	136126870	224
LRWGSP02-30x	chrX	136132644	136130581	136235479	112
LRWGSP02-30x	chrX	136247590	136245424	136594599	384
LRWGSP02-30x	chrX	136605552	136599429	136967731	414
LRWGSP02-30x	chrX	136972320	136971325	137071121	110
LRWGSP02-30x	chrX	137083131	137072813	137207265	130
LRWGSP02-30x	chrX	137222835	137210223	137358160	158
LRWGSP02-30x	chrX	137369328	137361419	137503198	148
LRWGSP02-30x	chrX	137519537	137506422	137660458	180
LRWGSP02-30x	chrX	137675857	137672709	137725907	48
LRWGSP02-30x	chrX	137732949	137727519	138157941	468
LRWGSP02-30x	chrX	138174005	138161570	138237358	48
LRWGSP02-30x	chrX	138254615	138238475	138599154	344
LRWGSP02-30x	chrX	138627597	138603181	138942971	318
LRWGSP02-30x	chrX	138960827	138945752	139080261	146
LRWGSP02-30x	chrX	139100198	139082254	139127939	32
LRWGSP02-30x	chrX	139140951	139135848	139411361	386
LRWGSP02-30x	chrX	139431980	139416805	139487861	70
LRWGSP02-30x	chrX	139502984	139491399	139753625	338
LRWGSP02-30x	chrX	139777471	139759861	140239049	546
LRWGSP02-30x	chrX	140244788	140241073	140411849	196
LRWGSP02-30x	chrX	140438263	140416321	140486781	78
LRWGSP02-30x	chrX	140506944	140497876	141004314	598
LRWGSP02-30x	chrX	141029243	141027006	141028724	4
LRWGSP02-30x	chrX	141082536	141081223	141451492	418
LRWGSP02-30x	chrX	141479086	141452899	141788773	378
LRWGSP02-30x	chrX	141806169	141797738	141856931	78
LRWGSP02-30x	chrX	141864681	141861032	141861199	4
LRWGSP02-30x	chrX	141871233	141865425	141983785	134
LRWGSP02-30x	chrX	142012974	141992289	142084419	70
LRWGSP02-30x	chrX	142118613	142099509	142123424	14
LRWGSP02-30x	chrX	142142183	142127084	142195931	70
LRWGSP02-30x	chrX	142205371	142197918	142419828	282
LRWGSP02-30x	chrX	142442512	142422065	142672312	246
LRWGSP02-30x	chrX	142698005	142680140	142908164	240
LRWGSP02-30x	chrX	142921645	142912895	143065542	142
LRWGSP02-30x	chrX	143087652	143074527	143418464	392
LRWGSP02-30x	chrX	143439316	143427819	143540263	132
LRWGSP02-30x	chrX	143549768	143542556	143692850	166
LRWGSP02-30x	chrX	143700677	143694653	143786143	112
LRWGSP02-30x	chrX	143806053	143795211	143932965	162
LRWGSP02-30x	chrX	143951498	143939786	144121871	204
LRWGSP02-30x	chrX	144146648	144143781	144154862	6
LRWGSP02-30x	chrX	144164456	144161980	144340696	204
LRWGSP02-30x	chrX	144362687	144343506	144420696	58
LRWGSP02-30x	chrX	144475728	144475607	144481682	12
LRWGSP02-30x	chrX	144500192	144483471	144591225	72
LRWGSP02-30x	chrX	144602537	144598868	144791577	238
LRWGSP02-30x	chrX	144797247	144792855	145044171	256
LRWGSP02-30x	chrX	145061748	145051375	145389213	402
LRWGSP02-30x	chrX	145405254	145391445	145661361	300
LRWGSP02-30x	chrX	145670385	145664426	146401947	746
LRWGSP02-30x	chrX	146411925	146410323	146495295	80
LRWGSP02-30x	chrX	146509723	146505172	146575885	90
LRWGSP02-30x	chrX	146591674	146581084	146599285	30
LRWGSP02-30x	chrX	146616420	146604212	146829851	246
LRWGSP02-30x	chrX	146857946	146839444	147001442	196
LRWGSP02-30x	chrX	147012219	147004472	147124618	160
LRWGSP02-30x	chrX	147148965	147133864	147364756	236
LRWGSP02-30x	chrX	147381195	147370516	147558353	216
LRWGSP02-30x	chrX	147571917	147561016	147643194	96
LRWGSP02-30x	chrX	147651805	147647233	147730201	124
LRWGSP02-30x	chrX	147743613	147731778	147798005	58
LRWGSP02-30x	chrX	147816574	147799870	147850332	60
LRWGSP02-30x	chrX	147861191	147855146	147949193	94
LRWGSP02-30x	chrX	147963690	147953047	148205893	292
LRWGSP02-30x	chrX	148236889	148222737	148907253	750
LRWGSP02-30x	chrX	148931178	148925834	148981990	62
LRWGSP02-30x	chrX	148994440	148986480	149061258	76
LRWGSP02-30x	chrX	149080786	149067489	149310501	262
LRWGSP02-30x	chrX	149334382	149311203	149399936	88
LRWGSP02-30x	chrX	149418296	149401212	149985966	518
LRWGSP02-30x	chrX	150008636	149990808	150343794	374
LRWGSP02-30x	chrX	150367279	150356684	150633995	314
LRWGSP02-30x	chrX	150656126	150637706	150776859	132
LRWGSP02-30x	chrX	150798181	150777900	150883897	114
LRWGSP02-30x	chrX	150894637	150891153	151250492	368
LRWGSP02-30x	chrX	151269118	151252191	151294281	34
LRWGSP02-30x	chrX	151307818	151301201	151321635	14
LRWGSP02-30x	chrX	151349725	151331746	151495590	196
LRWGSP02-30x	chrX	151505803	151496456	151685350	222
LRWGSP02-30x	chrX	151703459	151687931	151713401	18
LRWGSP02-30x	chrX	151720171	151719765	151827929	96
LRWGSP02-30x	chrX	151837799	151829963	151942375	110
LRWGSP02-30x	chrX	151964119	151952787	152027443	92
LRWGSP02-30x	chrX	152033480	152029772	152086216	56
LRWGSP02-30x	chrX	152097413	152093961	152152882	86
LRWGSP02-30x	chrX	152163314	152154805	152230994	100
LRWGSP02-30x	chrX	152260938	152237758	152281797	38
LRWGSP02-30x	chrX	152305420	152291971	152329337	42
LRWGSP02-30x	chrX	152351761	152338701	152361100	34
LRWGSP02-30x	chrX	152376285	152362181	152534669	222
LRWGSP02-30x	chrX	152551605	152538432	152581277	62
LRWGSP02-30x	chrX	152610379	152590139	152742801	148
LRWGSP02-30x	chrX	152768514	152762352	152889994	144
LRWGSP02-30x	chrX	152901238	152895404	152936968	40
LRWGSP02-30x	chrX	152957073	152951220	153029081	78
LRWGSP02-30x	chrX	153056121	153048675	153060662	18
LRWGSP02-30x	chrX	153076514	153061676	153302117	250
LRWGSP02-30x	chrX	153321762	153312496	153333506	28
LRWGSP02-30x	chrX	153341555	153335545	153348025	20
LRWGSP02-30x	chrX	153364085	153348212	153661405	272
LRWGSP02-30x	chrX	153675987	153664377	153859614	212
LRWGSP02-30x	chrX	153873399	153872249	153911659	54
LRWGSP02-30x	chrX	153930413	153925600	154154914	216
LRWGSP02-30x	chrX	154179049	154175354	154183196	10
LRWGSP02-30x	chrX	154200265	154196510	154210787	10
LRWGSP02-30x	chrX	154229895	154224366	154240437	16
LRWGSP02-30x	chrX	154273233	154258790	154345034	56
LRWGSP02-30x	chrX	154359277	154349788	154550918	220
LRWGSP02-30x	chrX	154565360	154551694	154551694	2
LRWGSP02-30x	chrX	154582083	154580308	154607798	22
LRWGSP02-30x	chrX	154614651	154610932	154666638	42
LRWGSP02-30x	chrX	154689712	154676479	154693672	20
LRWGSP02-30x	chrX	154706415	154697838	154801495	76
LRWGSP02-30x	chrX	154818550	154806515	154844315	28
LRWGSP02-30x	chrX	154849461	154845419	155151877	360
LRWGSP02-30x	chrX	155169465	155160831	155297641	138
LRWGSP02-30x	chrX	155316644	155298268	155334076	44
LRWGSP02-30x	chrX	155371396	155371017	155375659	4
LRWGSP02-30x	chrX	155393263	155377949	155599503	200
LRWGSP02-30x	chrX	155603369	155600189	156029902	964
